[{"model": "contenttypes.contenttype", "pk": 10, "fields": {"app_label": "admin", "model": "logentry"}}, {"model": "contenttypes.contenttype", "pk": 11, "fields": {"app_label": "auth", "model": "permission"}}, {"model": "contenttypes.contenttype", "pk": 12, "fields": {"app_label": "auth", "model": "group"}}, {"model": "contenttypes.contenttype", "pk": 13, "fields": {"app_label": "auth", "model": "user"}}, {"model": "contenttypes.contenttype", "pk": 14, "fields": {"app_label": "contenttypes", "model": "contenttype"}}, {"model": "contenttypes.contenttype", "pk": 15, "fields": {"app_label": "sessions", "model": "session"}}, {"model": "contenttypes.contenttype", "pk": 16, "fields": {"app_label": "tracks", "model": "track"}}, {"model": "contenttypes.contenttype", "pk": 17, "fields": {"app_label": "tracks", "model": "like"}}, {"model": "contenttypes.contenttype", "pk": 18, "fields": {"app_label": "tracks", "model": "userprofile"}}, {"model": "contenttypes.contenttype", "pk": 19, "fields": {"app_label": "tracks", "model": "subcomment"}}, {"model": "contenttypes.contenttype", "pk": 20, "fields": {"app_label": "tracks", "model": "comment"}}, {"model": "contenttypes.contenttype", "pk": 21, "fields": {"app_label": "tracks", "model": "play"}}, {"model": "auth.permission", "pk": 37, "fields": {"name": "Can add log entry", "content_type": 10, "codename": "add_logentry"}}, {"model": "auth.permission", "pk": 38, "fields": {"name": "Can change log entry", "content_type": 10, "codename": "change_logentry"}}, {"model": "auth.permission", "pk": 39, "fields": {"name": "Can delete log entry", "content_type": 10, "codename": "delete_logentry"}}, {"model": "auth.permission", "pk": 40, "fields": {"name": "Can view log entry", "content_type": 10, "codename": "view_logentry"}}, {"model": "auth.permission", "pk": 41, "fields": {"name": "Can add permission", "content_type": 11, "codename": "add_permission"}}, {"model": "auth.permission", "pk": 42, "fields": {"name": "Can change permission", "content_type": 11, "codename": "change_permission"}}, {"model": "auth.permission", "pk": 43, "fields": {"name": "Can delete permission", "content_type": 11, "codename": "delete_permission"}}, {"model": "auth.permission", "pk": 44, "fields": {"name": "Can view permission", "content_type": 11, "codename": "view_permission"}}, {"model": "auth.permission", "pk": 45, "fields": {"name": "Can add group", "content_type": 12, "codename": "add_group"}}, {"model": "auth.permission", "pk": 46, "fields": {"name": "Can change group", "content_type": 12, "codename": "change_group"}}, {"model": "auth.permission", "pk": 47, "fields": {"name": "Can delete group", "content_type": 12, "codename": "delete_group"}}, {"model": "auth.permission", "pk": 48, "fields": {"name": "Can view group", "content_type": 12, "codename": "view_group"}}, {"model": "auth.permission", "pk": 49, "fields": {"name": "Can add user", "content_type": 13, "codename": "add_user"}}, {"model": "auth.permission", "pk": 50, "fields": {"name": "Can change user", "content_type": 13, "codename": "change_user"}}, {"model": "auth.permission", "pk": 51, "fields": {"name": "Can delete user", "content_type": 13, "codename": "delete_user"}}, {"model": "auth.permission", "pk": 52, "fields": {"name": "Can view user", "content_type": 13, "codename": "view_user"}}, {"model": "auth.permission", "pk": 53, "fields": {"name": "Can add content type", "content_type": 14, "codename": "add_contenttype"}}, {"model": "auth.permission", "pk": 54, "fields": {"name": "Can change content type", "content_type": 14, "codename": "change_contenttype"}}, {"model": "auth.permission", "pk": 55, "fields": {"name": "Can delete content type", "content_type": 14, "codename": "delete_contenttype"}}, {"model": "auth.permission", "pk": 56, "fields": {"name": "Can view content type", "content_type": 14, "codename": "view_contenttype"}}, {"model": "auth.permission", "pk": 57, "fields": {"name": "Can add session", "content_type": 15, "codename": "add_session"}}, {"model": "auth.permission", "pk": 58, "fields": {"name": "Can change session", "content_type": 15, "codename": "change_session"}}, {"model": "auth.permission", "pk": 59, "fields": {"name": "Can delete session", "content_type": 15, "codename": "delete_session"}}, {"model": "auth.permission", "pk": 60, "fields": {"name": "Can view session", "content_type": 15, "codename": "view_session"}}, {"model": "auth.permission", "pk": 61, "fields": {"name": "Can add track", "content_type": 16, "codename": "add_track"}}, {"model": "auth.permission", "pk": 62, "fields": {"name": "Can change track", "content_type": 16, "codename": "change_track"}}, {"model": "auth.permission", "pk": 63, "fields": {"name": "Can delete track", "content_type": 16, "codename": "delete_track"}}, {"model": "auth.permission", "pk": 64, "fields": {"name": "Can view track", "content_type": 16, "codename": "view_track"}}, {"model": "auth.permission", "pk": 65, "fields": {"name": "Can add like", "content_type": 17, "codename": "add_like"}}, {"model": "auth.permission", "pk": 66, "fields": {"name": "Can change like", "content_type": 17, "codename": "change_like"}}, {"model": "auth.permission", "pk": 67, "fields": {"name": "Can delete like", "content_type": 17, "codename": "delete_like"}}, {"model": "auth.permission", "pk": 68, "fields": {"name": "Can view like", "content_type": 17, "codename": "view_like"}}, {"model": "auth.permission", "pk": 69, "fields": {"name": "Can add user profile", "content_type": 18, "codename": "add_userprofile"}}, {"model": "auth.permission", "pk": 70, "fields": {"name": "Can change user profile", "content_type": 18, "codename": "change_userprofile"}}, {"model": "auth.permission", "pk": 71, "fields": {"name": "Can delete user profile", "content_type": 18, "codename": "delete_userprofile"}}, {"model": "auth.permission", "pk": 72, "fields": {"name": "Can view user profile", "content_type": 18, "codename": "view_userprofile"}}, {"model": "auth.permission", "pk": 73, "fields": {"name": "Can add subcomment", "content_type": 19, "codename": "add_subcomment"}}, {"model": "auth.permission", "pk": 74, "fields": {"name": "Can change subcomment", "content_type": 19, "codename": "change_subcomment"}}, {"model": "auth.permission", "pk": 75, "fields": {"name": "Can delete subcomment", "content_type": 19, "codename": "delete_subcomment"}}, {"model": "auth.permission", "pk": 76, "fields": {"name": "Can view subcomment", "content_type": 19, "codename": "view_subcomment"}}, {"model": "auth.permission", "pk": 77, "fields": {"name": "Can add comment", "content_type": 20, "codename": "add_comment"}}, {"model": "auth.permission", "pk": 78, "fields": {"name": "Can change comment", "content_type": 20, "codename": "change_comment"}}, {"model": "auth.permission", "pk": 79, "fields": {"name": "Can delete comment", "content_type": 20, "codename": "delete_comment"}}, {"model": "auth.permission", "pk": 80, "fields": {"name": "Can view comment", "content_type": 20, "codename": "view_comment"}}, {"model": "auth.permission", "pk": 81, "fields": {"name": "Can add plays", "content_type": 21, "codename": "add_plays"}}, {"model": "auth.permission", "pk": 82, "fields": {"name": "Can change plays", "content_type": 21, "codename": "change_plays"}}, {"model": "auth.permission", "pk": 83, "fields": {"name": "Can delete plays", "content_type": 21, "codename": "delete_plays"}}, {"model": "auth.permission", "pk": 84, "fields": {"name": "Can view plays", "content_type": 21, "codename": "view_plays"}}, {"model": "auth.permission", "pk": 85, "fields": {"name": "Can add play", "content_type": 21, "codename": "add_play"}}, {"model": "auth.permission", "pk": 86, "fields": {"name": "Can change play", "content_type": 21, "codename": "change_play"}}, {"model": "auth.permission", "pk": 87, "fields": {"name": "Can delete play", "content_type": 21, "codename": "delete_play"}}, {"model": "auth.permission", "pk": 88, "fields": {"name": "Can view play", "content_type": 21, "codename": "view_play"}}, {"model": "auth.user", "pk": 21, "fields": {"password": "pbkdf2_sha256$180000$aI8usdNKFLEI$4Zqjjpb7aaMqc2kqpPVk9n67kzaI333IUXQPh1/clYI=", "last_login": null, "is_superuser": false, "username": "testuser", "first_name": "", "last_name": "", "email": "antr900@gmail.com", "is_staff": false, "is_active": true, "date_joined": "2020-06-16T02:21:20.135", "groups": [], "user_permissions": []}}, {"model": "auth.user", "pk": 22, "fields": {"password": "pbkdf2_sha256$180000$1P4TAeOAmp7K$s0MkwBfpVuRtwHdQJ5l+AuNUjUaMBh2yXR9Bc9Lv0yY=", "last_login": null, "is_superuser": false, "username": "testuser2", "first_name": "", "last_name": "", "email": "kicks900@gmail.com", "is_staff": false, "is_active": true, "date_joined": "2020-06-16T18:45:35.498", "groups": [], "user_permissions": []}}, {"model": "auth.user", "pk": 23, "fields": {"password": "pbkdf2_sha256$180000$H13OjmJUQTJj$3G09xj6UDvmtqPe9MgKbEpXcDAjtANRbxuA1VvtEGHY=", "last_login": null, "is_superuser": false, "username": "sdds", "first_name": "", "last_name": "", "email": "adsdasadsasd", "is_staff": false, "is_active": true, "date_joined": "2020-06-20T16:05:29.035", "groups": [], "user_permissions": []}}, {"model": "auth.user", "pk": 24, "fields": {"password": "pbkdf2_sha256$180000$esvT3EOSRQOW$BIqK5zcamxIQaQF0CgYt9AtRY5VwBOyX3N7kujFeSZ4=", "last_login": null, "is_superuser": false, "username": "asd", "first_name": "", "last_name": "", "email": "adsdas", "is_staff": false, "is_active": true, "date_joined": "2020-06-20T17:57:08.574", "groups": [], "user_permissions": []}}, {"model": "auth.user", "pk": 25, "fields": {"password": "pbkdf2_sha256$180000$GmzK8tJnQNVP$Cm8tyuTSlctc0B1o4jIAOOHAusPcm1J+bzDcmDEb2ck=", "last_login": null, "is_superuser": false, "username": "dsaasd", "first_name": "", "last_name": "", "email": "saddsa", "is_staff": false, "is_active": true, "date_joined": "2020-06-20T18:02:49.915", "groups": [], "user_permissions": []}}, {"model": "auth.user", "pk": 26, "fields": {"password": "pbkdf2_sha256$180000$bWdJDXRQF2lp$FUKzGSoMDzmUPUExWD2R+Iu7BTjXz8wEjT4ZwB0O4mM=", "last_login": null, "is_superuser": false, "username": "adsasd", "first_name": "", "last_name": "", "email": "dsaasd", "is_staff": false, "is_active": true, "date_joined": "2020-06-20T21:51:43.102", "groups": [], "user_permissions": []}}, {"model": "auth.user", "pk": 27, "fields": {"password": "pbkdf2_sha256$180000$aEK9A2JMviYW$SRMal9SwP1j1u6nYH7FDfqBa7sXVGQnfL4n9zaeLd4Q=", "last_login": null, "is_superuser": false, "username": "password", "first_name": "", "last_name": "", "email": "password", "is_staff": false, "is_active": true, "date_joined": "2020-06-20T21:52:46.876", "groups": [], "user_permissions": []}}, {"model": "auth.user", "pk": 28, "fields": {"password": "pbkdf2_sha256$180000$owaeZQ08UmW3$s0nyjQZ5Vyn8QKOc2Jjsyy8mBcx9s/9T1G3TX1duBKA=", "last_login": null, "is_superuser": false, "username": "andy139", "first_name": "", "last_name": "", "email": "antr900@gmail.com", "is_staff": false, "is_active": true, "date_joined": "2020-06-20T22:40:29.508", "groups": [], "user_permissions": []}}, {"model": "tracks.track", "pk": 73, "fields": {"title": "Demon Slayer", "artist_name": "Anime Lovers", "description": "I love this track, it's just so good. It reminds me of the good old days.", "url": "http://res.cloudinary.com/andytran/raw/upload/v1593020002/pqigmzjg2kpmkvtqjhut.mp3", "img_url": "http://res.cloudinary.com/andytran/raw/upload/v1593020041/bxpm0tl55dbaobqsheqo", "created_at": "2020-06-24T17:34:04.819", "posted_by": 21}}, {"model": "tracks.track", "pk": 74, "fields": {"title": "Crawl Outta Love", "artist_name": "Illenium", "description": "This song makes me so sad. Omg!!!!", "url": "http://res.cloudinary.com/andytran/raw/upload/v1593027315/vfoy0s6fej1iwg3plidv.mp3", "img_url": "http://res.cloudinary.com/andytran/raw/upload/v1593027292/v687zgjgpapuvjwr28nv", "created_at": "2020-06-24T19:35:21.926", "posted_by": 21}}, {"model": "tracks.track", "pk": 75, "fields": {"title": "Closer", "artist_name": "Chainsmokers", "description": "Omg, I love this song. It reminds me of the good old days", "url": "http://res.cloudinary.com/andytran/raw/upload/v1593028197/twe52dvregr9vjweqi5a.mp3", "img_url": "http://res.cloudinary.com/andytran/raw/upload/v1593028198/ffe46rlqlearj2a6mozu", "created_at": "2020-06-24T19:50:02.164", "posted_by": 21}}, {"model": "tracks.like", "pk": 273, "fields": {"user": 21, "track": 74}}, {"model": "tracks.like", "pk": 274, "fields": {"user": 21, "track": 75}}, {"model": "tracks.like", "pk": 275, "fields": {"user": 21, "track": 73}}, {"model": "tracks.play", "pk": 1, "fields": {"user": 21, "track": 73}}, {"model": "tracks.play", "pk": 2, "fields": {"user": 21, "track": 73}}, {"model": "tracks.play", "pk": 3, "fields": {"user": 21, "track": 73}}, {"model": "tracks.play", "pk": 4, "fields": {"user": 21, "track": 73}}, {"model": "tracks.play", "pk": 5, "fields": {"user": 21, "track": 73}}, {"model": "tracks.play", "pk": 6, "fields": {"user": 21, "track": 73}}, {"model": "tracks.play", "pk": 7, "fields": {"user": 21, "track": 73}}, {"model": "tracks.play", "pk": 8, "fields": {"user": 21, "track": 73}}, {"model": "tracks.play", "pk": 9, "fields": {"user": 21, "track": 73}}, {"model": "tracks.play", "pk": 10, "fields": {"user": 21, "track": 73}}, {"model": "tracks.play", "pk": 11, "fields": {"user": 21, "track": 73}}, {"model": "tracks.play", "pk": 12, "fields": {"user": 21, "track": 73}}, {"model": "tracks.play", "pk": 13, "fields": {"user": 21, "track": 73}}, {"model": "tracks.play", "pk": 14, "fields": {"user": 21, "track": 73}}, {"model": "tracks.play", "pk": 15, "fields": {"user": 21, "track": 73}}, {"model": "tracks.play", "pk": 16, "fields": {"user": 21, "track": 73}}, {"model": "tracks.play", "pk": 17, "fields": {"user": 21, "track": 73}}, {"model": "tracks.play", "pk": 18, "fields": {"user": 21, "track": 73}}, {"model": "tracks.play", "pk": 19, "fields": {"user": 21, "track": 73}}, {"model": "tracks.play", "pk": 20, "fields": {"user": 21, "track": 73}}, {"model": "tracks.play", "pk": 21, "fields": {"user": 21, "track": 73}}, {"model": "tracks.play", "pk": 22, "fields": {"user": 21, "track": 73}}, {"model": "tracks.play", "pk": 23, "fields": {"user": 21, "track": 73}}, {"model": "tracks.play", "pk": 24, "fields": {"user": 21, "track": 73}}, {"model": "tracks.play", "pk": 25, "fields": {"user": 21, "track": 73}}, {"model": "tracks.play", "pk": 26, "fields": {"user": 21, "track": 73}}, {"model": "tracks.play", "pk": 27, "fields": {"user": 21, "track": 73}}, {"model": "tracks.play", "pk": 28, "fields": {"user": 21, "track": 73}}, {"model": "tracks.play", "pk": 29, "fields": {"user": 21, "track": 73}}, {"model": "tracks.play", "pk": 30, "fields": {"user": 21, "track": 73}}, {"model": "tracks.play", "pk": 31, "fields": {"user": 21, "track": 73}}, {"model": "tracks.play", "pk": 32, "fields": {"user": 21, "track": 73}}, {"model": "tracks.play", "pk": 33, "fields": {"user": 21, "track": 73}}, {"model": "tracks.play", "pk": 34, "fields": {"user": 21, "track": 73}}, {"model": "tracks.play", "pk": 35, "fields": {"user": 21, "track": 73}}, {"model": "tracks.play", "pk": 36, "fields": {"user": 21, "track": 73}}, {"model": "tracks.play", "pk": 37, "fields": {"user": 21, "track": 73}}, {"model": "tracks.play", "pk": 38, "fields": {"user": 21, "track": 73}}, {"model": "tracks.play", "pk": 39, "fields": {"user": 21, "track": 73}}, {"model": "tracks.play", "pk": 40, "fields": {"user": 21, "track": 73}}, {"model": "tracks.play", "pk": 41, "fields": {"user": 21, "track": 73}}, {"model": "tracks.play", "pk": 42, "fields": {"user": 21, "track": 73}}, {"model": "tracks.play", "pk": 43, "fields": {"user": 21, "track": 73}}, {"model": "tracks.play", "pk": 44, "fields": {"user": 21, "track": 73}}, {"model": "tracks.play", "pk": 45, "fields": {"user": 21, "track": 73}}, {"model": "tracks.play", "pk": 46, "fields": {"user": 21, "track": 73}}, {"model": "tracks.play", "pk": 47, "fields": {"user": 21, "track": 73}}, {"model": "tracks.play", "pk": 48, "fields": {"user": 21, "track": 73}}, {"model": "tracks.play", "pk": 49, "fields": {"user": 21, "track": 73}}, {"model": "tracks.play", "pk": 50, "fields": {"user": 21, "track": 73}}, {"model": "tracks.play", "pk": 51, "fields": {"user": 21, "track": 73}}, {"model": "tracks.play", "pk": 52, "fields": {"user": 21, "track": 73}}, {"model": "tracks.play", "pk": 53, "fields": {"user": 21, "track": 73}}, {"model": "tracks.play", "pk": 54, "fields": {"user": 21, "track": 73}}, {"model": "tracks.play", "pk": 55, "fields": {"user": 21, "track": 73}}, {"model": "tracks.play", "pk": 56, "fields": {"user": 21, "track": 73}}, {"model": "tracks.play", "pk": 57, "fields": {"user": 21, "track": 73}}, {"model": "tracks.play", "pk": 58, "fields": {"user": 21, "track": 73}}, {"model": "tracks.play", "pk": 59, "fields": {"user": 21, "track": 73}}, {"model": "tracks.play", "pk": 60, "fields": {"user": 21, "track": 73}}, {"model": "tracks.play", "pk": 61, "fields": {"user": 21, "track": 73}}, {"model": "tracks.play", "pk": 62, "fields": {"user": 21, "track": 73}}, {"model": "tracks.play", "pk": 63, "fields": {"user": 21, "track": 73}}, {"model": "tracks.play", "pk": 64, "fields": {"user": 21, "track": 73}}, {"model": "tracks.play", "pk": 65, "fields": {"user": 21, "track": 73}}, {"model": "tracks.play", "pk": 66, "fields": {"user": 21, "track": 73}}, {"model": "tracks.play", "pk": 67, "fields": {"user": 21, "track": 73}}, {"model": "tracks.play", "pk": 68, "fields": {"user": 21, "track": 73}}, {"model": "tracks.play", "pk": 69, "fields": {"user": 21, "track": 73}}, {"model": "tracks.play", "pk": 70, "fields": {"user": 21, "track": 73}}, {"model": "tracks.play", "pk": 71, "fields": {"user": 21, "track": 73}}, {"model": "tracks.play", "pk": 72, "fields": {"user": 21, "track": 73}}, {"model": "tracks.play", "pk": 73, "fields": {"user": 21, "track": 73}}, {"model": "tracks.play", "pk": 74, "fields": {"user": 21, "track": 73}}, {"model": "tracks.play", "pk": 75, "fields": {"user": 21, "track": 73}}, {"model": "tracks.play", "pk": 76, "fields": {"user": 21, "track": 73}}, {"model": "tracks.play", "pk": 77, "fields": {"user": 21, "track": 73}}, {"model": "tracks.play", "pk": 78, "fields": {"user": 21, "track": 73}}, {"model": "tracks.play", "pk": 79, "fields": {"user": 21, "track": 73}}, {"model": "tracks.play", "pk": 80, "fields": {"user": 21, "track": 73}}, {"model": "tracks.play", "pk": 81, "fields": {"user": 21, "track": 73}}, {"model": "tracks.play", "pk": 82, "fields": {"user": 21, "track": 73}}, {"model": "tracks.play", "pk": 83, "fields": {"user": 21, "track": 73}}, {"model": "tracks.play", "pk": 84, "fields": {"user": 21, "track": 73}}, {"model": "tracks.play", "pk": 85, "fields": {"user": 21, "track": 73}}, {"model": "tracks.play", "pk": 86, "fields": {"user": 21, "track": 73}}, {"model": "tracks.play", "pk": 87, "fields": {"user": 21, "track": 73}}, {"model": "tracks.play", "pk": 88, "fields": {"user": 21, "track": 73}}, {"model": "tracks.play", "pk": 89, "fields": {"user": 21, "track": 73}}, {"model": "tracks.play", "pk": 90, "fields": {"user": 21, "track": 73}}, {"model": "tracks.play", "pk": 91, "fields": {"user": 21, "track": 73}}, {"model": "tracks.play", "pk": 92, "fields": {"user": 21, "track": 73}}, {"model": "tracks.play", "pk": 93, "fields": {"user": 21, "track": 73}}, {"model": "tracks.play", "pk": 94, "fields": {"user": 21, "track": 73}}, {"model": "tracks.play", "pk": 95, "fields": {"user": 21, "track": 73}}, {"model": "tracks.play", "pk": 96, "fields": {"user": 21, "track": 73}}, {"model": "tracks.play", "pk": 97, "fields": {"user": 21, "track": 73}}, {"model": "tracks.play", "pk": 98, "fields": {"user": 21, "track": 73}}, {"model": "tracks.play", "pk": 99, "fields": {"user": 21, "track": 73}}, {"model": "tracks.play", "pk": 100, "fields": {"user": 21, "track": 73}}, {"model": "tracks.play", "pk": 101, "fields": {"user": 21, "track": 73}}, {"model": "tracks.play", "pk": 102, "fields": {"user": 21, "track": 73}}, {"model": "tracks.play", "pk": 103, "fields": {"user": 21, "track": 73}}, {"model": "tracks.play", "pk": 104, "fields": {"user": 21, "track": 73}}, {"model": "tracks.play", "pk": 105, "fields": {"user": 21, "track": 73}}, {"model": "tracks.play", "pk": 106, "fields": {"user": 21, "track": 73}}, {"model": "tracks.play", "pk": 107, "fields": {"user": 21, "track": 73}}, {"model": "tracks.play", "pk": 108, "fields": {"user": 21, "track": 73}}, {"model": "tracks.play", "pk": 109, "fields": {"user": 21, "track": 73}}, {"model": "tracks.play", "pk": 110, "fields": {"user": 21, "track": 73}}, {"model": "tracks.play", "pk": 111, "fields": {"user": 21, "track": 73}}, {"model": "tracks.play", "pk": 112, "fields": {"user": 21, "track": 73}}, {"model": "tracks.play", "pk": 113, "fields": {"user": 21, "track": 73}}, {"model": "tracks.play", "pk": 114, "fields": {"user": 21, "track": 73}}, {"model": "tracks.play", "pk": 115, "fields": {"user": 21, "track": 73}}, {"model": "tracks.play", "pk": 116, "fields": {"user": 21, "track": 73}}, {"model": "tracks.play", "pk": 117, "fields": {"user": 21, "track": 73}}, {"model": "tracks.play", "pk": 118, "fields": {"user": 21, "track": 73}}, {"model": "tracks.play", "pk": 119, "fields": {"user": 21, "track": 73}}, {"model": "tracks.play", "pk": 120, "fields": {"user": 21, "track": 73}}, {"model": "tracks.play", "pk": 121, "fields": {"user": 21, "track": 73}}, {"model": "tracks.play", "pk": 122, "fields": {"user": 21, "track": 74}}, {"model": "tracks.play", "pk": 123, "fields": {"user": 21, "track": 73}}, {"model": "tracks.play", "pk": 124, "fields": {"user": 21, "track": 74}}, {"model": "tracks.play", "pk": 125, "fields": {"user": 21, "track": 74}}, {"model": "tracks.play", "pk": 126, "fields": {"user": 21, "track": 73}}, {"model": "tracks.play", "pk": 127, "fields": {"user": 21, "track": 73}}, {"model": "tracks.play", "pk": 128, "fields": {"user": 21, "track": 73}}, {"model": "tracks.play", "pk": 129, "fields": {"user": 21, "track": 74}}, {"model": "tracks.play", "pk": 130, "fields": {"user": 21, "track": 74}}, {"model": "tracks.play", "pk": 131, "fields": {"user": 21, "track": 73}}, {"model": "tracks.play", "pk": 132, "fields": {"user": 21, "track": 73}}, {"model": "tracks.play", "pk": 133, "fields": {"user": 21, "track": 73}}, {"model": "tracks.play", "pk": 134, "fields": {"user": 21, "track": 73}}, {"model": "tracks.play", "pk": 135, "fields": {"user": 21, "track": 73}}, {"model": "tracks.play", "pk": 136, "fields": {"user": 21, "track": 74}}, {"model": "tracks.play", "pk": 137, "fields": {"user": 21, "track": 74}}, {"model": "tracks.play", "pk": 138, "fields": {"user": 21, "track": 74}}, {"model": "tracks.play", "pk": 139, "fields": {"user": 21, "track": 74}}, {"model": "tracks.play", "pk": 140, "fields": {"user": 21, "track": 75}}, {"model": "tracks.play", "pk": 141, "fields": {"user": 21, "track": 73}}, {"model": "tracks.play", "pk": 142, "fields": {"user": 21, "track": 74}}, {"model": "tracks.play", "pk": 143, "fields": {"user": 21, "track": 74}}, {"model": "tracks.play", "pk": 144, "fields": {"user": 21, "track": 73}}, {"model": "tracks.play", "pk": 145, "fields": {"user": 21, "track": 74}}, {"model": "tracks.play", "pk": 146, "fields": {"user": 21, "track": 73}}, {"model": "tracks.play", "pk": 147, "fields": {"user": 21, "track": 73}}, {"model": "tracks.userprofile", "pk": 5, "fields": {"avatar_url": "http://res.cloudinary.com/andytran/raw/upload/v1592938566/dzdm4edlcssue0k3hvo0", "user": 21}}, {"model": "tracks.userprofile", "pk": 6, "fields": {"avatar_url": "http://res.cloudinary.com/andytran/raw/upload/v1592434202/amjjpvrcuobrjrniq7nw", "user": 22}}, {"model": "tracks.userprofile", "pk": 7, "fields": {"avatar_url": "", "user": 23}}, {"model": "tracks.userprofile", "pk": 8, "fields": {"avatar_url": "", "user": 24}}, {"model": "tracks.userprofile", "pk": 9, "fields": {"avatar_url": "", "user": 25}}, {"model": "tracks.userprofile", "pk": 10, "fields": {"avatar_url": "", "user": 26}}, {"model": "tracks.userprofile", "pk": 11, "fields": {"avatar_url": "", "user": 27}}, {"model": "tracks.userprofile", "pk": 12, "fields": {"avatar_url": "", "user": 28}}]